mol solvent,mol solute,with_sme,without_sme,attribution_data,normalized_attribution_data,substructure_smiles
NCCN,OCC,-5.982035978,-6.205719167,-0.22368288,-0.2200255,N
NCCN,OCC,-5.453393488,-6.205719167,-0.75232553,-0.6365343,C
NCCN,OCC,-5.453393488,-6.205719167,-0.75232553,-0.6365343,C
NCCN,OCC,-5.982035978,-6.205719167,-0.22368288,-0.2200255,N
NCCN,OCC,-4.470154536,-6.205719167,-1.7355642,-0.93971014,NCCN
C(CNCCN)N,OCC,-5.547626824,-5.960980178,-0.41335344,-0.39131632,C
C(CNCCN)N,OCC,-5.596854199,-5.960980178,-0.3641262,-0.3488433,C
C(CNCCN)N,OCC,-5.835348021,-5.960980178,-0.12563229,-0.12497543,N
C(CNCCN)N,OCC,-5.596854199,-5.960980178,-0.3641262,-0.3488433,C
C(CNCCN)N,OCC,-5.547626824,-5.960980178,-0.41335344,-0.39131632,C
C(CNCCN)N,OCC,-5.890856112,-5.960980178,-0.07012415,-0.07000943,N
C(CNCCN)N,OCC,-5.890856112,-5.960980178,-0.07012415,-0.07000943,N
C(CNCCN)N,OCC,-5.103005477,-5.960980178,-0.857975,-0.6952129,CCN
C(CNCCN)N,OCC,-5.835348021,-5.960980178,-0.12563229,-0.12497543,N
C(CNCCN)N,OCC,-5.103005477,-5.960980178,-0.857975,-0.6952129,CCN
C(CNCCNCCN)N,OCC,-5.387074034,-5.747112467,-0.36003828,-0.34524778,C
C(CNCCNCCN)N,OCC,-5.467850222,-5.747112467,-0.27926207,-0.27222198,C
C(CNCCNCCN)N,OCC,-5.66242806,-5.747112467,-0.08468437,-0.08448252,N
C(CNCCNCCN)N,OCC,-5.563360131,-5.747112467,-0.18375206,-0.1817115,C
C(CNCCNCCN)N,OCC,-5.563360131,-5.747112467,-0.18375206,-0.1817115,C
C(CNCCNCCN)N,OCC,-5.66242806,-5.747112467,-0.08468437,-0.08448252,N
C(CNCCNCCN)N,OCC,-5.467850222,-5.747112467,-0.27926207,-0.27222198,C
C(CNCCNCCN)N,OCC,-5.387074034,-5.747112467,-0.36003828,-0.34524778,C
C(CNCCNCCN)N,OCC,-5.716167846,-5.747112467,-0.030944347,-0.030934485,N
C(CNCCNCCN)N,OCC,-5.716167846,-5.747112467,-0.030944347,-0.030934485,N
C(CNCCNCCN)N,OCC,-5.096959328,-5.747112467,-0.65015316,-0.5717731,CCN
C(CNCCNCCN)N,OCC,-5.66242806,-5.747112467,-0.08468437,-0.08448252,N
C(CNCCNCCN)N,OCC,-5.383382278,-5.747112467,-0.36372995,-0.34849524,CC
C(CNCCNCCN)N,OCC,-5.66242806,-5.747112467,-0.08468437,-0.08448252,N
C(CNCCNCCN)N,OCC,-5.096959328,-5.747112467,-0.65015316,-0.5717731,CCN
C(CNCCNCCNCCN)N,OCC,-5.218723573,-5.488906815,-0.2701831,-0.2637952,C
C(CNCCNCCNCCN)N,OCC,-5.275544844,-5.488906815,-0.21336222,-0.21018244,C
C(CNCCNCCNCCN)N,OCC,-5.435727612,-5.488906815,-0.053179264,-0.05312922,N
C(CNCCNCCNCCN)N,OCC,-5.320982407,-5.488906815,-0.1679244,-0.16636357,C
C(CNCCNCCNCCN)N,OCC,-5.339349474,-5.488906815,-0.14955759,-0.14845237,C
C(CNCCNCCNCCN)N,OCC,-5.446910979,-5.488906815,-0.041996002,-0.041971326,N
C(CNCCNCCNCCN)N,OCC,-5.339349474,-5.488906815,-0.14955759,-0.14845237,C
C(CNCCNCCNCCN)N,OCC,-5.320982407,-5.488906815,-0.1679244,-0.16636357,C
C(CNCCNCCNCCN)N,OCC,-5.435727612,-5.488906815,-0.053179264,-0.05312922,N
C(CNCCNCCNCCN)N,OCC,-5.275544844,-5.488906815,-0.21336222,-0.21018244,C
C(CNCCNCCNCCN)N,OCC,-5.218723573,-5.488906815,-0.2701831,-0.2637952,C
C(CNCCNCCNCCN)N,OCC,-5.484529727,-5.488906815,-0.004377365,-0.0043772934,N
C(CNCCNCCNCCN)N,OCC,-5.484529727,-5.488906815,-0.004377365,-0.0043772934,N
C(CNCCNCCNCCN)N,OCC,-4.978070413,-5.488906815,-0.5108366,-0.47059682,CCN
C(CNCCNCCNCCN)N,OCC,-5.435727612,-5.488906815,-0.053179264,-0.05312922,N
C(CNCCNCCNCCN)N,OCC,-5.171706547,-5.488906815,-0.31720018,-0.3069731,CC
C(CNCCNCCNCCN)N,OCC,-5.446910979,-5.488906815,-0.041996002,-0.041971326,N
C(CNCCNCCNCCN)N,OCC,-5.171706547,-5.488906815,-0.31720018,-0.3069731,CC
C(CNCCNCCNCCN)N,OCC,-5.435727612,-5.488906815,-0.053179264,-0.05312922,N
C(CNCCNCCNCCN)N,OCC,-4.978070413,-5.488906815,-0.5108366,-0.47059682,CCN
C(CCN)C[C@@H](C(=O)O)N,OCC,-5.13013227,-5.314255419,-0.18412304,-0.18207021,C
C(CCN)C[C@@H](C(=O)O)N,OCC,-5.037897578,-5.314255419,-0.27635765,-0.26953068,C
C(CCN)C[C@@H](C(=O)O)N,OCC,-5.023926365,-5.314255419,-0.29032898,-0.2824376,C
C(CCN)C[C@@H](C(=O)O)N,OCC,-5.312219245,-5.314255419,-0.0020360947,-0.0020360607,N
C(CCN)C[C@@H](C(=O)O)N,OCC,-5.111433506,-5.314255419,-0.20282173,-0.20008561,C
C(CCN)C[C@@H](C(=O)O)N,OCC,-5.168950152,-5.314255419,-0.14530516,-0.1442911,C
C(CCN)C[C@@H](C(=O)O)N,OCC,-5.141235553,-5.314255419,-0.17301989,-0.17131379,C
C(CCN)C[C@@H](C(=O)O)N,OCC,-5.207420743,-5.314255419,-0.10683441,-0.10642977,O
C(CCN)C[C@@H](C(=O)O)N,OCC,-5.236125677,-5.314255419,-0.07812977,-0.07797118,O
C(CCN)C[C@@H](C(=O)O)N,OCC,-5.307004587,-5.314255419,-0.007250786,-0.0072506554,N
C(CCN)C[C@@H](C(=O)O)N,OCC,-4.079268217,-5.314255419,-1.2349873,-0.84401983,NCCCC[C@H](N)C(=O)O
CCCCCC(=O)O  ,OCC,-4.521252369,-4.736191425,-0.21493912,-0.21168916,C
CCCCCC(=O)O  ,OCC,-4.656278708,-4.736191425,-0.07991266,-0.07974299,C
CCCCCC(=O)O  ,OCC,-4.481439923,-4.736191425,-0.2547512,-0.24937966,C
CCCCCC(=O)O  ,OCC,-4.461839892,-4.736191425,-0.2743516,-0.26766935,C
CCCCCC(=O)O  ,OCC,-4.381986114,-4.736191425,-0.35420513,-0.34009957,C
CCCCCC(=O)O  ,OCC,-4.390562416,-4.736191425,-0.34562874,-0.33249316,C
CCCCCC(=O)O  ,OCC,-4.484973098,-4.736191425,-0.25121832,-0.24606359,O
CCCCCC(=O)O  ,OCC,-4.797518498,-4.736191425,0.061327457,0.061250713,O
CCCCCC(=O)O  ,OCC,-3.828267145,-4.736191425,-0.9079242,-0.72013444,CCCCCC(=O)O
C[C@@H](C(=O)O)N,OCC,-4.921790695,-5.317891936,-0.39610147,-0.3766083,C
C[C@@H](C(=O)O)N,OCC,-5.026381457,-5.317891936,-0.29151058,-0.2835246,C
C[C@@H](C(=O)O)N,OCC,-5.028005586,-5.317891936,-0.28988647,-0.28203034,C
C[C@@H](C(=O)O)N,OCC,-5.056222885,-5.317891936,-0.26166916,-0.25585607,O
C[C@@H](C(=O)O)N,OCC,-5.33169664,-5.317891936,0.013804436,0.013803568,O
C[C@@H](C(=O)O)N,OCC,-5.193616039,-5.317891936,-0.12427616,-0.12364029,N
C[C@@H](C(=O)O)N,OCC,-4.356257737,-5.317891936,-0.96163416,-0.7450049,C[C@H](N)C(=O)O
CCCCCCCCO,OCC,-4.401780671,-4.517070599,-0.115290165,-0.11478207,C
CCCCCCCCO,OCC,-4.393204633,-4.517070599,-0.12386608,-0.12323648,C
CCCCCCCCO,OCC,-4.373542227,-4.517070599,-0.14352846,-0.14255092,C
CCCCCCCCO,OCC,-4.388287578,-4.517070599,-0.12878323,-0.12807597,C
CCCCCCCCO,OCC,-4.347615625,-4.517070599,-0.16945505,-0.16785152,C
CCCCCCCCO,OCC,-4.373476152,-4.517070599,-0.14359474,-0.14261588,C
CCCCCCCCO,OCC,-4.313075718,-4.517070599,-0.20399523,-0.20121183,C
CCCCCCCCO,OCC,-4.193800659,-4.517070599,-0.32327032,-0.31246093,C
CCCCCCCCO,OCC,-4.503454607,-4.517070599,-0.013616085,-0.013615239,O
CCCCCCCCO,OCC,-3.481734492,-4.517070599,-1.0353363,-0.7760398,CCCCCCCCO
CCCCCCCCCCCCCCCCCC(=O)O  ,OCC,-2.969524518,-2.940881165,0.02864337,0.028635528,C
CCCCCCCCCCCCCCCCCC(=O)O  ,OCC,-2.968625366,-2.940881165,0.027744055,0.027736954,C
CCCCCCCCCCCCCCCCCC(=O)O  ,OCC,-2.976447088,-2.940881165,0.035565853,0.035550877,C
CCCCCCCCCCCCCCCCCC(=O)O  ,OCC,-2.980646831,-2.940881165,0.039765596,0.03974463,C
CCCCCCCCCCCCCCCCCC(=O)O  ,OCC,-2.97643123,-2.940881165,0.03554988,0.035534903,C
CCCCCCCCCCCCCCCCCC(=O)O  ,OCC,-2.97622349,-2.940881165,0.035342216,0.03532748,C
CCCCCCCCCCCCCCCCCC(=O)O  ,OCC,-2.977081411,-2.940881165,0.036200047,0.036184233,C
CCCCCCCCCCCCCCCCCC(=O)O  ,OCC,-2.981271638,-2.940881165,0.04039049,0.040368553,C
CCCCCCCCCCCCCCCCCC(=O)O  ,OCC,-2.908705166,-2.940881165,-0.032176018,-0.032164913,C
CCCCCCCCCCCCCCCCCC(=O)O  ,OCC,-2.924817482,-2.940881165,-0.01606369,-0.016062304,C
CCCCCCCCCCCCCCCCCC(=O)O  ,OCC,-2.925182745,-2.940881165,-0.015698433,-0.015697123,C
CCCCCCCCCCCCCCCCCC(=O)O  ,OCC,-2.916313334,-2.940881165,-0.024567842,-0.024562873,C
CCCCCCCCCCCCCCCCCC(=O)O  ,OCC,-2.909510227,-2.940881165,-0.031371117,-0.03136081,C
CCCCCCCCCCCCCCCCCC(=O)O  ,OCC,-2.941069348,-2.940881165,0.00018811226,0.00018811226,C
CCCCCCCCCCCCCCCCCC(=O)O  ,OCC,-2.893430157,-2.940881165,-0.04745102,-0.04741542,C
CCCCCCCCCCCCCCCCCC(=O)O  ,OCC,-2.901686919,-2.940881165,-0.039194345,-0.039174266,C
CCCCCCCCCCCCCCCCCC(=O)O  ,OCC,-2.876465207,-2.940881165,-0.06441593,-0.06432701,C
CCCCCCCCCCCCCCCCCC(=O)O  ,OCC,-2.860127707,-2.940881165,-0.080753565,-0.08057849,C
CCCCCCCCCCCCCCCCCC(=O)O  ,OCC,-2.94490594,-2.940881165,0.004024744,0.0040247114,O
CCCCCCCCCCCCCCCCCC(=O)O  ,OCC,-2.952541066,-2.940881165,0.011659861,0.0116593065,O
CCCCCCCCCCCCCCCCCC(=O)O  ,OCC,-2.937748142,-2.940881165,-0.0031330585,-0.0031330432,CCCCCCCCCCCCCCCCCC(=O)O
CCCCCCCCCCCCCCCC(=O)O  ,OCC,-3.162506506,-3.125803032,0.036703587,0.0366871,C
CCCCCCCCCCCCCCCC(=O)O  ,OCC,-3.160327081,-3.125803032,0.034524202,0.034510486,C
CCCCCCCCCCCCCCCC(=O)O  ,OCC,-3.171902934,-3.125803032,0.0460999,0.046067245,C
CCCCCCCCCCCCCCCC(=O)O  ,OCC,-3.178031545,-3.125803032,0.05222845,0.052181017,C
CCCCCCCCCCCCCCCC(=O)O  ,OCC,-3.171902934,-3.125803032,0.0460999,0.046067245,C
CCCCCCCCCCCCCCCC(=O)O  ,OCC,-3.180210971,-3.125803032,0.054408073,0.054354426,C
CCCCCCCCCCCCCCCC(=O)O  ,OCC,-3.083958904,-3.125803032,-0.04184413,-0.041819703,C
CCCCCCCCCCCCCCCC(=O)O  ,OCC,-3.098599063,-3.125803032,-0.027204037,-0.02719731,C
CCCCCCCCCCCCCCCC(=O)O  ,OCC,-3.094343289,-3.125803032,-0.03145981,-0.03144943,C
CCCCCCCCCCCCCCCC(=O)O  ,OCC,-3.104727674,-3.125803032,-0.021075249,-0.02107212,C
CCCCCCCCCCCCCCCC(=O)O  ,OCC,-3.088214678,-3.125803032,-0.037588358,-0.037570663,C
CCCCCCCCCCCCCCCC(=O)O  ,OCC,-3.124611563,-3.125803032,-0.0011913776,-0.0011913768,C
CCCCCCCCCCCCCCCC(=O)O  ,OCC,-3.05981924,-3.125803032,-0.06598377,-0.06588818,C
CCCCCCCCCCCCCCCC(=O)O  ,OCC,-3.070203625,-3.125803032,-0.05559945,-0.055542246,C
CCCCCCCCCCCCCCCC(=O)O  ,OCC,-3.035679576,-3.125803032,-0.090123415,-0.0898802,C
CCCCCCCCCCCCCCCC(=O)O  ,OCC,-3.011539913,-3.125803032,-0.11426306,-0.113768384,C
CCCCCCCCCCCCCCCC(=O)O  ,OCC,-3.125803032,-3.125803032,0.0,0.0,O
CCCCCCCCCCCCCCCC(=O)O  ,OCC,-3.138366843,-3.125803032,0.012563944,0.01256328,O
CCCCCCCCCCCCCCCC(=O)O  ,OCC,-3.046063961,-3.125803032,-0.079739094,-0.07957051,CCCCCCCCCCCCCCCC(=O)O
CCCCCCCCCCCC(=O)O  ,OCC,-3.728646299,-3.666918281,0.061728,0.06164973,C
CCCCCCCCCCCC(=O)O  ,OCC,-3.754862311,-3.666918281,0.08794403,0.08771803,C
CCCCCCCCCCCC(=O)O  ,OCC,-3.650098961,-3.666918281,-0.016819239,-0.016817635,C
CCCCCCCCCCCC(=O)O  ,OCC,-3.671174055,-3.666918281,0.0042557716,0.004255733,C
CCCCCCCCCCCC(=O)O  ,OCC,-3.654354471,-3.666918281,-0.012563705,-0.012563041,C
CCCCCCCCCCCC(=O)O  ,OCC,-3.663853976,-3.666918281,-0.003064394,-0.00306435,C
CCCCCCCCCCCC(=O)O  ,OCC,-3.635458802,-3.666918281,-0.03145957,-0.03144919,C
CCCCCCCCCCCC(=O)O  ,OCC,-3.691057945,-3.666918281,0.024139643,0.024134966,C
CCCCCCCCCCCC(=O)O  ,OCC,-3.592626717,-3.666918281,-0.07429147,-0.07415507,C
CCCCCCCCCCCC(=O)O  ,OCC,-3.612510607,-3.666918281,-0.054407597,-0.05435395,C
CCCCCCCCCCCC(=O)O  ,OCC,-3.567602174,-3.666918281,-0.09931612,-0.09899088,C
CCCCCCCCCCCC(=O)O  ,OCC,-3.516258541,-3.666918281,-0.1506598,-0.14953017,C
CCCCCCCCCCCC(=O)O  ,OCC,-3.663853976,-3.666918281,-0.003064394,-0.00306435,O
CCCCCCCCCCCC(=O)O  ,OCC,-3.691057945,-3.666918281,0.024139643,0.024134966,O
CCCCCCCCCCCC(=O)O  ,OCC,-3.322562939,-3.666918281,-0.34435534,-0.3313601,CCCCCCCCCCCC(=O)O
C([C@@H](C(=O)O)N)SSC[C@@H](C(=O)O)N  ,OCC,-4.797193936,-4.935790981,-0.13859701,-0.13771637,C
C([C@@H](C(=O)O)N)SSC[C@@H](C(=O)O)N  ,OCC,-4.849032077,-4.935790981,-0.08675909,-0.08654205,C
C([C@@H](C(=O)O)N)SSC[C@@H](C(=O)O)N  ,OCC,-4.807233673,-4.935790981,-0.1285572,-0.12785366,C
C([C@@H](C(=O)O)N)SSC[C@@H](C(=O)O)N  ,OCC,-4.814670309,-4.935790981,-0.12112093,-0.12053208,O
C([C@@H](C(=O)O)N)SSC[C@@H](C(=O)O)N  ,OCC,-4.92343914,-4.935790981,-0.01235199,-0.012351375,O
C([C@@H](C(=O)O)N)SSC[C@@H](C(=O)O)N  ,OCC,-4.868412209,-4.935790981,-0.067379,-0.067277215,N
C([C@@H](C(=O)O)N)SSC[C@@H](C(=O)O)N  ,OCC,-4.889237274,-4.935790981,-0.04655361,-0.04652003,S
C([C@@H](C(=O)O)N)SSC[C@@H](C(=O)O)N  ,OCC,-4.889237274,-4.935790981,-0.04655361,-0.04652003,S
C([C@@H](C(=O)O)N)SSC[C@@H](C(=O)O)N  ,OCC,-4.797193936,-4.935790981,-0.13859701,-0.13771637,C
C([C@@H](C(=O)O)N)SSC[C@@H](C(=O)O)N  ,OCC,-4.849032077,-4.935790981,-0.08675909,-0.08654205,C
C([C@@H](C(=O)O)N)SSC[C@@H](C(=O)O)N  ,OCC,-4.807233673,-4.935790981,-0.1285572,-0.12785366,C
C([C@@H](C(=O)O)N)SSC[C@@H](C(=O)O)N  ,OCC,-4.814670309,-4.935790981,-0.12112093,-0.12053208,O
C([C@@H](C(=O)O)N)SSC[C@@H](C(=O)O)N  ,OCC,-4.92343914,-4.935790981,-0.01235199,-0.012351375,O
C([C@@H](C(=O)O)N)SSC[C@@H](C(=O)O)N  ,OCC,-4.868412209,-4.935790981,-0.067379,-0.067277215,N
C([C@@H](C(=O)O)N)SSC[C@@H](C(=O)O)N  ,OCC,-4.481422743,-4.935790981,-0.4543681,-0.425483,C[C@H](N)C(=O)O
C([C@@H](C(=O)O)N)SSC[C@@H](C(=O)O)N  ,OCC,-4.481422743,-4.935790981,-0.4543681,-0.425483,C[C@H](N)C(=O)O
C([C@@H](C(=O)O)N)SSC[C@@H](C(=O)O)N  ,OCC,-4.843322912,-4.935790981,-0.09246826,-0.09220561,SS
CCCCCCCCCCO  ,OCC,-4.170545346,-4.428695494,-0.2581501,-0.25256446,C
CCCCCCCCCCO  ,OCC,-4.319112616,-4.428695494,-0.1095829,-0.10914635,C
CCCCCCCCCCO  ,OCC,-4.368294796,-4.428695494,-0.060400963,-0.060327627,C
CCCCCCCCCCO  ,OCC,-4.3476817,-4.428695494,-0.08101416,-0.08083736,C
CCCCCCCCCCO  ,OCC,-4.324293972,-4.428695494,-0.10440159,-0.10402391,C
CCCCCCCCCCO  ,OCC,-4.332671784,-4.428695494,-0.09602404,-0.09572996,C
CCCCCCCCCCO  ,OCC,-4.308092852,-4.428695494,-0.12060261,-0.12002124,C
CCCCCCCCCCO  ,OCC,-4.33141424,-4.428695494,-0.097281456,-0.09697576,C
CCCCCCCCCCO  ,OCC,-4.278705228,-4.428695494,-0.14999056,-0.1488758,C
CCCCCCCCCCO  ,OCC,-4.218073267,-4.428695494,-0.21062231,-0.20756206,C
CCCCCCCCCCO  ,OCC,-4.460499886,-4.428695494,0.031804085,0.031793367,O
CCCCCCCCCCO  ,OCC,-3.355010639,-4.428695494,-1.0736849,-0.7908455,CCCCCCCCCCO
CCCCCCCCC(=O)O,OCC,-4.105228122,-4.202443036,-0.097215176,-0.09691009,C
CCCCCCCCC(=O)O,OCC,-4.142339941,-4.202443036,-0.060103416,-0.060031164,C
CCCCCCCCC(=O)O,OCC,-4.162953037,-4.202443036,-0.039490223,-0.039469723,C
CCCCCCCCC(=O)O,OCC,-4.124989376,-4.202443036,-0.07745361,-0.077299096,C
CCCCCCCCC(=O)O,OCC,-4.214678321,-4.202443036,0.012235165,0.012234517,C
CCCCCCCCC(=O)O,OCC,-4.073330167,-4.202443036,-0.12911272,-0.12840003,C
CCCCCCCCC(=O)O,OCC,-4.101469498,-4.202443036,-0.100973606,-0.100631826,C
CCCCCCCCC(=O)O,OCC,-4.042387397,-4.202443036,-0.16005564,-0.15870273,C
CCCCCCCCC(=O)O,OCC,-4.017813751,-4.202443036,-0.18462944,-0.18255976,C
CCCCCCCCC(=O)O,OCC,-4.165529443,-4.202443036,-0.03691387,-0.036897104,O
CCCCCCCCC(=O)O,OCC,-4.225731387,-4.202443036,0.02328825,0.023284081,O
CCCCCCCCC(=O)O,OCC,-3.571857948,-4.202443036,-0.6305852,-0.55845505,CCCCCCCCC(=O)O
CCCCCCCC(=O)O,OCC,-4.238066048,-4.340056353,-0.10199022,-0.10163805,C
CCCCCCCC(=O)O,OCC,-4.28867096,-4.340056353,-0.051385403,-0.05134023,C
CCCCCCCC(=O)O,OCC,-4.246576011,-4.340056353,-0.09348059,-0.09320926,C
CCCCCCCC(=O)O,OCC,-4.353615521,-4.340056353,0.013558865,0.0135580655,C
CCCCCCCC(=O)O,OCC,-4.172682484,-4.340056353,-0.16737413,-0.16582853,C
CCCCCCCC(=O)O,OCC,-4.20108638,-4.340056353,-0.1389699,-0.13808212,C
CCCCCCCC(=O)O,OCC,-4.134648783,-4.340056353,-0.20540762,-0.2025667,C
CCCCCCCC(=O)O,OCC,-4.132142681,-4.340056353,-0.20791388,-0.20496885,C
CCCCCCCC(=O)O,OCC,-4.25020222,-4.340056353,-0.08985424,-0.089613184,O
CCCCCCCC(=O)O,OCC,-4.359784834,-4.340056353,0.019728184,0.019725628,O
CCCCCCCC(=O)O,OCC,-3.666918281,-4.340056353,-0.67313814,-0.5870404,CCCCCCCC(=O)O
CC1(C2CCC(O1)(CC2)C)C ,OCC,-3.582242333,-3.678494135,-0.096251965,-0.09595582,C
CC1(C2CCC(O1)(CC2)C)C ,OCC,-3.675429829,-3.678494135,-0.003064394,-0.00306435,C
CC1(C2CCC(O1)(CC2)C)C ,OCC,-3.671174055,-3.678494135,-0.0073201656,-0.0073200297,C
CC1(C2CCC(O1)(CC2)C)C ,OCC,-3.700454373,-3.678494135,0.021960258,0.021956751,C
CC1(C2CCC(O1)(CC2)C)C ,OCC,-3.671174055,-3.678494135,-0.0073201656,-0.0073200297,C
CC1(C2CCC(O1)(CC2)C)C ,OCC,-3.656533896,-3.678494135,-0.021960258,-0.021956751,C
CC1(C2CCC(O1)(CC2)C)C ,OCC,-3.740222152,-3.678494135,0.061728,0.06164973,O
CC1(C2CCC(O1)(CC2)C)C ,OCC,-3.671174055,-3.678494135,-0.0073201656,-0.0073200297,C
CC1(C2CCC(O1)(CC2)C)C ,OCC,-3.700454373,-3.678494135,0.021960258,0.021956751,C
CC1(C2CCC(O1)(CC2)C)C ,OCC,-3.582242333,-3.678494135,-0.096251965,-0.09595582,C
CC1(C2CCC(O1)(CC2)C)C ,OCC,-3.582242333,-3.678494135,-0.096251965,-0.09595582,C
CC1(C2CCC(O1)(CC2)C)C ,OCC,-3.55602632,-3.678494135,-0.122467995,-0.121859394,CC12CCC(CC1)C(C)(C)O2
CCCCCCC(=O)O  ,OCC,-4.388023277,-4.496605512,-0.10858202,-0.1081573,C
CCCCCCC(=O)O  ,OCC,-4.39686388,-4.496605512,-0.09974146,-0.09941202,C
CCCCCCC(=O)O  ,OCC,-4.506036034,-4.496605512,0.0094304085,0.009430109,C
CCCCCCC(=O)O  ,OCC,-4.329211027,-4.496605512,-0.16739416,-0.16584796,C
CCCCCCC(=O)O  ,OCC,-4.315585784,-4.496605512,-0.18101978,-0.17906815,C
CCCCCCC(=O)O  ,OCC,-4.253861467,-4.496605512,-0.24274397,-0.23808587,C
CCCCCCC(=O)O  ,OCC,-4.242982839,-4.496605512,-0.25362253,-0.24832088,C
CCCCCCC(=O)O  ,OCC,-4.359850909,-4.496605512,-0.13675451,-0.13590829,O
CCCCCCC(=O)O  ,OCC,-4.550012278,-4.496605512,0.053406715,0.053355996,O
CCCCCCC(=O)O  ,OCC,-3.767426122,-4.496605512,-0.7291794,-0.62256306,CCCCCCC(=O)O
CCCCCCCCCC(=O)O ,OCC,-4.001847594,-4.094009603,-0.092161655,-0.091901615,C
CCCCCCCCCC(=O)O ,OCC,-4.064555904,-4.094009603,-0.029453278,-0.029444795,C
CCCCCCCCCC(=O)O ,OCC,-4.064688054,-4.094009603,-0.029321194,-0.029312765,C
CCCCCCCCCC(=O)O ,OCC,-4.081741281,-4.094009603,-0.012268066,-0.012267471,C
CCCCCCCCCC(=O)O ,OCC,-4.032575488,-4.094009603,-0.061433792,-0.061356623,C
CCCCCCCCCC(=O)O ,OCC,-4.129906166,-4.094009603,0.035896778,0.035881378,C
CCCCCCCCCC(=O)O ,OCC,-3.987036168,-4.094009603,-0.10697317,-0.106567,C
CCCCCCCCCC(=O)O ,OCC,-4.015307649,-4.094009603,-0.07870197,-0.07853991,C
CCCCCCCCCC(=O)O ,OCC,-3.955171516,-4.094009603,-0.13883781,-0.13795254,C
CCCCCCCCCC(=O)O ,OCC,-3.946364215,-4.094009603,-0.14764524,-0.14658166,C
CCCCCCCCCC(=O)O ,OCC,-4.087811217,-4.094009603,-0.006198406,-0.0061982875,O
CCCCCCCCCC(=O)O ,OCC,-4.113870234,-4.094009603,0.019860744,0.01985811,O
CCCCCCCCCC(=O)O ,OCC,-3.508938461,-4.094009603,-0.58507085,-0.5263413,CCCCCCCCCC(=O)O
CCCCCCCCCCCCO,OCC,-4.24037366,-4.214744396,0.025629044,0.02562346,C
CCCCCCCCCCCCO,OCC,-4.255416613,-4.214744396,0.040671825,0.040649407,C
CCCCCCCCCCCCO,OCC,-3.92161983,-4.214744396,-0.29312468,-0.28500822,C
CCCCCCCCCCCCO,OCC,-4.088075782,-4.214744396,-0.12666893,-0.1259958,C
CCCCCCCCCCCCO,OCC,-4.140586568,-4.214744396,-0.07415819,-0.07402254,C
CCCCCCCCCCCCO,OCC,-4.113738084,-4.214744396,-0.10100651,-0.10066438,C
CCCCCCCCCCCCO,OCC,-4.105294197,-4.214744396,-0.10945034,-0.1090154,C
CCCCCCCCCCCCO,OCC,-4.119907397,-4.214744396,-0.09483719,-0.09455387,C
CCCCCCCCCCCCO,OCC,-4.108721916,-4.214744396,-0.106022835,-0.10562736,C
CCCCCCCCCCCCO,OCC,-4.125973368,-4.214744396,-0.08877134,-0.08853891,C
CCCCCCCCCCCCO,OCC,-4.090383394,-4.214744396,-0.12436104,-0.123723835,C
CCCCCCCCCCCCO,OCC,-3.966158507,-4.214744396,-0.24858618,-0.24358918,C
CCCCCCCCCCCCO,OCC,-4.177764727,-4.214744396,-0.036979675,-0.036962833,O
CCCCCCCCCCCCO,OCC,-3.177146665,-4.214744396,-1.0375979,-0.7769377,CCCCCCCCCCCCO
CC1(C2CCC1(C(=O)C2)C)C,OCC,-3.845580708,-3.914317723,-0.06873679,-0.06862875,C
CC1(C2CCC1(C(=O)C2)C)C,OCC,-3.960055533,-3.914317723,0.04573798,0.045706138,C
CC1(C2CCC1(C(=O)C2)C)C,OCC,-3.874034028,-3.914317723,-0.04028368,-0.040261913,C
CC1(C2CCC1(C(=O)C2)C)C,OCC,-3.831974231,-3.914317723,-0.08234334,-0.08215772,C
CC1(C2CCC1(C(=O)C2)C)C,OCC,-3.840419968,-3.914317723,-0.0738976,-0.07376336,C
CC1(C2CCC1(C(=O)C2)C)C,OCC,-3.850476884,-3.914317723,-0.06384063,-0.06375403,C
CC1(C2CCC1(C(=O)C2)C)C,OCC,-3.862617284,-3.914317723,-0.051700354,-0.05165434,C
CC1(C2CCC1(C(=O)C2)C)C,OCC,-3.913051722,-3.914317723,-0.0012660027,-0.0012660314,O
CC1(C2CCC1(C(=O)C2)C)C,OCC,-3.798885865,-3.914317723,-0.115431786,-0.11492181,C
CC1(C2CCC1(C(=O)C2)C)C,OCC,-3.831982424,-3.914317723,-0.08233523,-0.08214966,C
CC1(C2CCC1(C(=O)C2)C)C,OCC,-3.845580708,-3.914317723,-0.06873679,-0.06862875,C
CC1(C2CCC1(C(=O)C2)C)C,OCC,-3.550782589,-3.914317723,-0.36353493,-0.34832385,CC12CCC(CC1=O)C2(C)C
c1ccc(cc1)CCC(=O)O,OCC,-4.081906469,-4.054589908,0.02731657,0.027309747,c
c1ccc(cc1)CCC(=O)O,OCC,-4.084383233,-4.054589908,0.029793262,0.029784424,c
c1ccc(cc1)CCC(=O)O,OCC,-4.076758151,-4.054589908,0.022168636,0.022165036,c
c1ccc(cc1)CCC(=O)O,OCC,-3.946281489,-4.054589908,-0.108308315,-0.1078868,c
c1ccc(cc1)CCC(=O)O,OCC,-4.076758151,-4.054589908,0.022168636,0.022165036,c
c1ccc(cc1)CCC(=O)O,OCC,-4.084383233,-4.054589908,0.029793262,0.029784424,c
c1ccc(cc1)CCC(=O)O,OCC,-3.941331396,-4.054589908,-0.11325836,-0.11277653,C
c1ccc(cc1)CCC(=O)O,OCC,-3.885914092,-4.054589908,-0.16867566,-0.16709396,C
c1ccc(cc1)CCC(=O)O,OCC,-3.873819152,-4.054589908,-0.18077064,-0.17882696,C
c1ccc(cc1)CCC(=O)O,OCC,-3.968664608,-4.054589908,-0.0859251,-0.08571423,O
c1ccc(cc1)CCC(=O)O,OCC,-4.080417662,-4.054589908,0.025827885,0.025822133,O
c1ccc(cc1)CCC(=O)O,OCC,-4.094075678,-4.054589908,0.03948593,0.039465386,c1ccccc1
c1ccc(cc1)CCC(=O)O,OCC,-3.617754338,-4.054589908,-0.43683553,-0.41101798,CCC(=O)O
C[N+](C)(C)CC=C.[Cl-],OCC,-3.401110541,-3.39586681,0.005243778,0.005243765,C
C[N+](C)(C)CC=C.[Cl-],OCC,-3.64397035,-3.39586681,0.24810338,0.24313498,[N+]
C[N+](C)(C)CC=C.[Cl-],OCC,-3.401110541,-3.39586681,0.005243778,0.005243765,C
C[N+](C)(C)CC=C.[Cl-],OCC,-3.401110541,-3.39586681,0.005243778,0.005243765,C
C[N+](C)(C)CC=C.[Cl-],OCC,-3.39586681,-3.39586681,0.0,0.0,C
C[N+](C)(C)CC=C.[Cl-],OCC,-3.475299292,-3.39586681,0.07943249,0.079265855,C
C[N+](C)(C)CC=C.[Cl-],OCC,-3.384290957,-3.39586681,-0.011575937,-0.0115754,C
C[N+](C)(C)CC=C.[Cl-],OCC,-3.671174055,-3.39586681,0.27530718,0.26855624,C[N+](C)C
C[N+](C)(C)CC=C.[Cl-],OCC,-3.477478718,-3.39586681,0.08161187,0.08143116,C=CC
C(CO)N ,OCC,-4.877552529,-5.382592811,-0.50504017,-0.46607175,C
C(CO)N ,OCC,-4.993894376,-5.382592811,-0.3886981,-0.37023735,C
C(CO)N ,OCC,-5.197654822,-5.382592811,-0.18493795,-0.18285802,O
C(CO)N ,OCC,-5.4065472,-5.382592811,0.023954391,0.023949815,N
C(CO)N ,OCC,-4.332737859,-5.382592811,-1.0498548,-0.78174984,NCCO
CCNC=O,OCC,-4.705568987,-5.07651512,-0.3709464,-0.3548192,C
CCNC=O,OCC,-4.803172953,-5.07651512,-0.27334213,-0.26673195,C
CCNC=O,OCC,-5.070534782,-5.07651512,-0.0059804916,-0.0059804143,N
CCNC=O,OCC,-4.888365081,-5.07651512,-0.18814993,-0.18596072,C
CCNC=O,OCC,-4.926760082,-5.07651512,-0.149755,-0.14864548,O
CCNC=O,OCC,-4.486686825,-5.07651512,-0.5898285,-0.5297722,CC
CCNC=O,OCC,-4.812700474,-5.07651512,-0.26381493,-0.25786027,NC=O
CCCCCCCCCCC(=O)O,OCC,-3.910947622,-3.821102475,0.08984518,0.08960419,C
CCCCCCCCCCC(=O)O,OCC,-3.791565786,-3.821102475,-0.029536486,-0.029527867,C
CCCCCCCCCCC(=O)O,OCC,-3.813608486,-3.821102475,-0.007493973,-0.0074938214,C
CCCCCCCCCCC(=O)O,OCC,-3.80927025,-3.821102475,-0.011832237,-0.011831705,C
CCCCCCCCCCC(=O)O,OCC,-3.80927025,-3.821102475,-0.011832237,-0.011831705,C
CCCCCCCCCCC(=O)O,OCC,-3.787310012,-3.821102475,-0.033792257,-0.033779405,C
CCCCCCCCCCC(=O)O,OCC,-3.856782576,-3.821102475,0.035680294,0.035665162,C
CCCCCCCCCCC(=O)O,OCC,-3.745465884,-3.821102475,-0.07563639,-0.07549249,C
CCCCCCCCCCC(=O)O,OCC,-3.754862311,-3.821102475,-0.06624007,-0.06614337,C
CCCCCCCCCCC(=O)O,OCC,-3.718261914,-3.821102475,-0.10284042,-0.10247937,C
CCCCCCCCCCC(=O)O,OCC,-3.713018183,-3.821102475,-0.1080842,-0.10766529,C
CCCCCCCCCCC(=O)O,OCC,-3.816090272,-3.821102475,-0.0050120354,-0.0050120316,O
CCCCCCCCCCC(=O)O,OCC,-3.845427678,-3.821102475,0.02432537,0.02432056,O
CCCCCCCCCCC(=O)O,OCC,-3.438698895,-3.821102475,-0.38240337,-0.36479285,CCCCCCCCCCC(=O)O
CC(=O)C(=O)O,OCC,-4.994579972,-5.608134036,-0.6135545,-0.54662436,C
CC(=O)C(=O)O,OCC,-4.952967901,-5.608134036,-0.65516615,-0.57513756,C
CC(=O)C(=O)O,OCC,-5.180132197,-5.608134036,-0.42800188,-0.4036501,O
CC(=O)C(=O)O,OCC,-5.008898212,-5.608134036,-0.599236,-0.5365057,C
CC(=O)C(=O)O,OCC,-5.058209636,-5.608134036,-0.54992485,-0.50046384,O
CC(=O)C(=O)O,OCC,-5.674158001,-5.608134036,0.06602383,0.065928064,O
CC(=O)C(=O)O,OCC,-4.194817689,-5.608134036,-1.4133167,-0.8881964,CC(=O)C(=O)O
C=CCCCCCCCCC(=O)O,OCC,-4.041234252,-4.087943367,-0.046709538,-0.0466756,C
C=CCCCCCCCCC(=O)O,OCC,-4.044959574,-4.087943367,-0.04298401,-0.042957578,C
C=CCCCCCCCCC(=O)O,OCC,-4.041168176,-4.087943367,-0.04677534,-0.046741273,C
C=CCCCCCCCCC(=O)O,OCC,-4.059440623,-4.087943367,-0.028502941,-0.02849521,C
C=CCCCCCCCCC(=O)O,OCC,-4.039761831,-4.087943367,-0.048181534,-0.048144266,C
C=CCCCCCCCCC(=O)O,OCC,-4.031086681,-4.087943367,-0.05685711,-0.056795947,C
C=CCCCCCCCCC(=O)O,OCC,-4.105062669,-4.087943367,0.01711893,0.017117258,C
C=CCCCCCCCCC(=O)O,OCC,-3.978261641,-4.087943367,-0.109681845,-0.109244116,C
C=CCCCCCCCCC(=O)O,OCC,-4.000611723,-4.087943367,-0.08733177,-0.087110415,C
C=CCCCCCCCCC(=O)O,OCC,-3.95861615,-4.087943367,-0.1293273,-0.1286111,C
C=CCCCCCCCCC(=O)O,OCC,-3.954840875,-4.087943367,-0.13310266,-0.13232216,C
C=CCCCCCCCCC(=O)O,OCC,-4.069505732,-4.087943367,-0.018437862,-0.0184358,O
C=CCCCCCCCCC(=O)O,OCC,-4.108688878,-4.087943367,0.020745277,0.020742334,O
C=CCCCCCCCCC(=O)O,OCC,-3.472234987,-4.087943367,-0.6157086,-0.548133,C=CCCCCCCCCC(=O)O
CC1=CCC(CC1)C(C)(C)O,OCC,-4.492565407,-4.672814433,-0.18024874,-0.17832172,C
CC1=CCC(CC1)C(C)(C)O,OCC,-4.554828899,-4.672814433,-0.11798525,-0.11744082,C
CC1=CCC(CC1)C(C)(C)O,OCC,-4.532705058,-4.672814433,-0.14010954,-0.13919987,C
CC1=CCC(CC1)C(C)(C)O,OCC,-4.475352014,-4.672814433,-0.19746256,-0.19493555,C
CC1=CCC(CC1)C(C)(C)O,OCC,-4.465767404,-4.672814433,-0.20704699,-0.20413826,C
CC1=CCC(CC1)C(C)(C)O,OCC,-4.482866619,-4.672814433,-0.1899476,-0.18769564,C
CC1=CCC(CC1)C(C)(C)O,OCC,-4.47299445,-4.672814433,-0.19982004,-0.19720235,C
CC1=CCC(CC1)C(C)(C)O,OCC,-4.482755877,-4.672814433,-0.19005871,-0.18780282,C
CC1=CCC(CC1)C(C)(C)O,OCC,-4.400390976,-4.672814433,-0.27242327,-0.2658782,C
CC1=CCC(CC1)C(C)(C)O,OCC,-4.400390976,-4.672814433,-0.27242327,-0.2658782,C
CC1=CCC(CC1)C(C)(C)O,OCC,-4.7055415,-4.672814433,0.03272724,0.03271556,O
CC1=CCC(CC1)C(C)(C)O,OCC,-3.953583331,-4.672814433,-0.7192311,-0.61643285,CC1=CCCCC1
CC1=CCC(CC1)C(C)(C)O,OCC,-4.096321179,-4.672814433,-0.57649326,-0.520112,CC(C)O
C[C@@H]1CC[C@H]([C@@H](C1)O)C(C)C  ,OCC,-4.390562416,-4.552158138,-0.16159582,-0.16020377,C
C[C@@H]1CC[C@H]([C@@H](C1)O)C(C)C  ,OCC,-4.461705891,-4.552158138,-0.09045267,-0.09020678,C
C[C@@H]1CC[C@H]([C@@H](C1)O)C(C)C  ,OCC,-4.385711701,-4.552158138,-0.16644669,-0.16492644,C
C[C@@H]1CC[C@H]([C@@H](C1)O)C(C)C  ,OCC,-4.417609126,-4.552158138,-0.13454914,-0.13374306,C
C[C@@H]1CC[C@H]([C@@H](C1)O)C(C)C  ,OCC,-4.439810671,-4.552158138,-0.1123476,-0.111877285,C
C[C@@H]1CC[C@H]([C@@H](C1)O)C(C)C  ,OCC,-4.356191662,-4.552158138,-0.19596672,-0.19349611,C
C[C@@H]1CC[C@H]([C@@H](C1)O)C(C)C  ,OCC,-4.362257898,-4.552158138,-0.1899004,-0.18765013,C
C[C@@H]1CC[C@H]([C@@H](C1)O)C(C)C  ,OCC,-4.568579685,-4.552158138,0.016421318,0.016419819,O
C[C@@H]1CC[C@H]([C@@H](C1)O)C(C)C  ,OCC,-4.480945151,-4.552158138,-0.071213245,-0.07109313,C
C[C@@H]1CC[C@H]([C@@H](C1)O)C(C)C  ,OCC,-4.408900938,-4.552158138,-0.14325762,-0.14228559,C
C[C@@H]1CC[C@H]([C@@H](C1)O)C(C)C  ,OCC,-4.408900938,-4.552158138,-0.14325762,-0.14228559,C
C[C@@H]1CC[C@H]([C@@H](C1)O)C(C)C  ,OCC,-4.206135321,-4.552158138,-0.34602308,-0.3328439,CCC
C[C@@H]1CC[C@H]([C@@H](C1)O)C(C)C  ,OCC,-3.720338263,-4.552158138,-0.83182,-0.68145204,C[C@@H]1CCC[C@H](O)C1
C1=C(NC=N1)C[C@@H](C(=O)O)N ,OCC,-5.070515224,-5.244057349,-0.17354202,-0.17182057,c
C1=C(NC=N1)C[C@@H](C(=O)O)N ,OCC,-5.076521728,-5.244057349,-0.1675353,-0.16598521,c
C1=C(NC=N1)C[C@@H](C(=O)O)N ,OCC,-5.174917539,-5.244057349,-0.06913948,-0.069029525,[nH3]
C1=C(NC=N1)C[C@@H](C(=O)O)N ,OCC,-5.066115142,-5.244057349,-0.1779418,-0.17608722,c
C1=C(NC=N1)C[C@@H](C(=O)O)N ,OCC,-5.222641835,-5.244057349,-0.021415234,-0.021411931,n
C1=C(NC=N1)C[C@@H](C(=O)O)N ,OCC,-5.093842691,-5.244057349,-0.15021467,-0.14909492,C
C1=C(NC=N1)C[C@@H](C(=O)O)N ,OCC,-5.10908017,-5.244057349,-0.13497686,-0.13416307,C
C1=C(NC=N1)C[C@@H](C(=O)O)N ,OCC,-5.116222375,-5.244057349,-0.1278348,-0.12714298,C
C1=C(NC=N1)C[C@@H](C(=O)O)N ,OCC,-5.161433433,-5.244057349,-0.08262396,-0.082436405,O
C1=C(NC=N1)C[C@@H](C(=O)O)N ,OCC,-5.193710395,-5.244057349,-0.05034685,-0.05030433,O
C1=C(NC=N1)C[C@@H](C(=O)O)N ,OCC,-5.224849276,-5.244057349,-0.019207954,-0.019205574,N
C1=C(NC=N1)C[C@@H](C(=O)O)N ,OCC,-4.776451333,-5.244057349,-0.46760607,-0.43626308,c1c[nH]cn1
C1=C(NC=N1)C[C@@H](C(=O)O)N ,OCC,-4.703026147,-5.244057349,-0.5410309,-0.4937679,C[C@H](N)C(=O)O
CCCCCCCCCCCCCCO  ,OCC,-3.827102635,-3.806205944,0.020896673,0.0208936,C
CCCCCCCCCCCCCCO  ,OCC,-3.84204119,-3.806205944,0.035835266,0.03581992,C
CCCCCCCCCCCCCCO  ,OCC,-3.863865577,-3.806205944,0.057659626,0.05759578,C
CCCCCCCCCCCCCCO  ,OCC,-3.873959495,-3.806205944,0.06775355,0.06765005,C
CCCCCCCCCCCCCCO  ,OCC,-3.533078125,-3.806205944,-0.2731278,-0.26653287,C
CCCCCCCCCCCCCCO  ,OCC,-3.688878519,-3.806205944,-0.11732745,-0.116792046,C
CCCCCCCCCCCCCCO  ,OCC,-3.740222152,-3.806205944,-0.06598377,-0.06588818,C
CCCCCCCCCCCCCCO  ,OCC,-3.705698104,-3.806205944,-0.100507975,-0.100170895,C
CCCCCCCCCCCCCCO  ,OCC,-3.702633799,-3.806205944,-0.10357213,-0.10320335,C
CCCCCCCCCCCCCCO  ,OCC,-3.727658342,-3.806205944,-0.078547716,-0.078386575,C
CCCCCCCCCCCCCCO  ,OCC,-3.717273957,-3.806205944,-0.08893204,-0.08869833,C
CCCCCCCCCCCCCCO  ,OCC,-3.715197609,-3.806205944,-0.091008425,-0.09075801,C
CCCCCCCCCCCCCCO  ,OCC,-3.683737866,-3.806205944,-0.12246823,-0.1218596,C
CCCCCCCCCCCCCCO  ,OCC,-3.541283084,-3.806205944,-0.26492286,-0.25889426,C
CCCCCCCCCCCCCCO  ,OCC,-3.779001975,-3.806205944,-0.027204037,-0.02719731,O
CCCCCCCCCCCCCCO  ,OCC,-3.049434856,-3.806205944,-0.7567711,-0.6391711,CCCCCCCCCCCCCCO
CCCCN1C=C[N+](=C1)C.C(F)(F)(F)S(=O)(=O)[O-],OCC,-3.163391386,-3.16764716,-0.0042557716,-0.004255733,C
CCCCN1C=C[N+](=C1)C.C(F)(F)(F)S(=O)(=O)[O-],OCC,-3.185351624,-3.16764716,0.017704487,0.017702607,C
CCCCN1C=C[N+](=C1)C.C(F)(F)(F)S(=O)(=O)[O-],OCC,-3.191786824,-3.16764716,0.024139643,0.024134966,C
CCCCN1C=C[N+](=C1)C.C(F)(F)(F)S(=O)(=O)[O-],OCC,-3.191786824,-3.16764716,0.024139643,0.024134966,C
CCCCN1C=C[N+](=C1)C.C(F)(F)(F)S(=O)(=O)[O-],OCC,-3.190595355,-3.16764716,0.022948265,0.02294425,n
CCCCN1C=C[N+](=C1)C.C(F)(F)(F)S(=O)(=O)[O-],OCC,-3.111162873,-3.16764716,-0.056484222,-0.0564242,c
CCCCN1C=C[N+](=C1)C.C(F)(F)(F)S(=O)(=O)[O-],OCC,-3.108983448,-3.16764716,-0.058663607,-0.058596432,c
CCCCN1C=C[N+](=C1)C.C(F)(F)(F)S(=O)(=O)[O-],OCC,-3.18753105,-3.16764716,0.019883871,0.019881222,[n+]
CCCCN1C=C[N+](=C1)C.C(F)(F)(F)S(=O)(=O)[O-],OCC,-3.112047753,-3.16764716,-0.05559945,-0.055542246,c
CCCCN1C=C[N+](=C1)C.C(F)(F)(F)S(=O)(=O)[O-],OCC,-3.145686922,-3.16764716,-0.021960258,-0.021956751,C
CCCCN1C=C[N+](=C1)C.C(F)(F)(F)S(=O)(=O)[O-],OCC,-3.229375178,-3.16764716,0.061728,0.06164973,CCCC
CCCCN1C=C[N+](=C1)C.C(F)(F)(F)S(=O)(=O)[O-],OCC,-3.025295192,-3.16764716,-0.14235187,-0.14139804,C[n+]1ccnc1
c1ccc2c(c1)ccc(=O)o2,OCC,-4.16536399,-4.170512309,-0.005148411,-0.005148343,c
c1ccc2c(c1)ccc(=O)o2,OCC,-4.130989536,-4.170512309,-0.039522648,-0.039502107,c
c1ccc2c(c1)ccc(=O)o2,OCC,-4.105095707,-4.170512309,-0.065416336,-0.06532322,c
c1ccc2c(c1)ccc(=O)o2,OCC,-4.113771121,-4.170512309,-0.056741238,-0.056680426,c
c1ccc2c(c1)ccc(=O)o2,OCC,-4.092959535,-4.170512309,-0.077552795,-0.07739768,c
c1ccc2c(c1)ccc(=O)o2,OCC,-4.12479115,-4.170512309,-0.045721054,-0.045689236,c
c1ccc2c(c1)ccc(=O)o2,OCC,-4.105161782,-4.170512309,-0.06535053,-0.06525765,c
c1ccc2c(c1)ccc(=O)o2,OCC,-4.091602878,-4.170512309,-0.0789094,-0.078746006,c
c1ccc2c(c1)ccc(=O)o2,OCC,-4.090383394,-4.170512309,-0.08012867,-0.07995762,c
c1ccc2c(c1)ccc(=O)o2,OCC,-4.150651677,-4.170512309,-0.019860744,-0.01985811,O
c1ccc2c(c1)ccc(=O)o2,OCC,-4.169155652,-4.170512309,-0.0013566017,-0.0013566302,o
c1ccc2c(c1)ccc(=O)o2,OCC,-3.872371575,-4.170512309,-0.29814053,-0.28961,O=c1ccc2ccccc2o1
CNC=O,OCC,-4.682504499,-5.128754469,-0.44624996,-0.4188116,C
CNC=O,OCC,-5.101427336,-5.128754469,-0.02732706,-0.027320258,N
CNC=O,OCC,-4.862917656,-5.128754469,-0.2658372,-0.25974712,C
CNC=O,OCC,-4.898294868,-5.128754469,-0.23045969,-0.22646452,O
CNC=O,OCC,-4.345105558,-5.128754469,-0.78364897,-0.6547961,CNC=O
CC1(C2CCC(C2)(C1O)C)C,OCC,-3.277654506,-3.263899227,0.013755083,0.013754198,C
CC1(C2CCC(C2)(C1O)C)C,OCC,-3.257770616,-3.263899227,-0.006128788,-0.006128732,C
CC1(C2CCC(C2)(C1O)C)C,OCC,-3.334138793,-3.263899227,0.070239544,0.070124246,C
CC1(C2CCC(C2)(C1O)C)C,OCC,-3.329883018,-3.263899227,0.06598377,0.06588818,C
CC1(C2CCC(C2)(C1O)C)C,OCC,-3.339382524,-3.263899227,0.07548308,0.07534005,C
CC1(C2CCC(C2)(C1O)C)C,OCC,-3.270334426,-3.263899227,0.006435156,0.006435052,C
CC1(C2CCC(C2)(C1O)C)C,OCC,-3.332062444,-3.263899227,0.06816316,0.06805777,C
CC1(C2CCC(C2)(C1O)C)C,OCC,-3.122738727,-3.263899227,-0.14116049,-0.14023027,C
CC1(C2CCC(C2)(C1O)C)C,OCC,-3.31524286,-3.263899227,0.05134344,0.051298343,O
CC1(C2CCC(C2)(C1O)C)C,OCC,-3.302679049,-3.263899227,0.038779736,0.038760304,C
CC1(C2CCC(C2)(C1O)C)C,OCC,-3.277654506,-3.263899227,0.013755083,0.013754198,C
CC1(C2CCC(C2)(C1O)C)C,OCC,-3.516258541,-3.263899227,0.25235915,0.24713503,CC12CCC(C1)C(C)(C)C2O
Cc1ccc(cc1)O,OCC,-5.346076726,-5.588865174,-0.24278879,-0.23812814,C
Cc1ccc(cc1)O,OCC,-5.020420941,-5.588865174,-0.56844425,-0.51421577,c
Cc1ccc(cc1)O,OCC,-5.134025159,-5.588865174,-0.45484018,-0.4258695,c
Cc1ccc(cc1)O,OCC,-5.0661347,-5.588865174,-0.52273035,-0.47980452,c
Cc1ccc(cc1)O,OCC,-5.051708889,-5.588865174,-0.5371566,-0.4908326,c
Cc1ccc(cc1)O,OCC,-5.0661347,-5.588865174,-0.52273035,-0.47980452,c
Cc1ccc(cc1)O,OCC,-5.134025159,-5.588865174,-0.45484018,-0.4258695,c
Cc1ccc(cc1)O,OCC,-5.611184862,-5.588865174,0.022319794,0.022316081,O
Cc1ccc(cc1)O,OCC,-3.838381943,-5.588865174,-1.7504833,-0.94143057,Cc1ccc(O)cc1
C1=CC=C(C=C1)CCCC(=O)O,OCC,-4.017747675,-3.989443157,0.028304815,0.028297236,c
C1=CC=C(C=C1)CCCC(=O)O,OCC,-4.000578685,-3.989443157,0.011135817,0.011135365,c
C1=CC=C(C=C1)CCCC(=O)O,OCC,-3.987201356,-3.989443157,-0.0022416115,-0.002241606,c
C1=CC=C(C=C1)CCCC(=O)O,OCC,-3.99574462,-3.989443157,0.0063016415,0.0063015763,c
C1=CC=C(C=C1)CCCC(=O)O,OCC,-3.987201356,-3.989443157,-0.0022416115,-0.002241606,c
C1=CC=C(C=C1)CCCC(=O)O,OCC,-4.000578685,-3.989443157,0.011135817,0.011135365,c
C1=CC=C(C=C1)CCCC(=O)O,OCC,-3.886120511,-3.989443157,-0.103322506,-0.10295638,C
C1=CC=C(C=C1)CCCC(=O)O,OCC,-3.877618742,-3.989443157,-0.111824274,-0.11136046,C
C1=CC=C(C=C1)CCCC(=O)O,OCC,-3.823368063,-3.989443157,-0.16607499,-0.16456483,C
C1=CC=C(C=C1)CCCC(=O)O,OCC,-3.833438194,-3.989443157,-0.1560049,-0.15475152,C
C1=CC=C(C=C1)CCCC(=O)O,OCC,-3.897355416,-3.989443157,-0.092087746,-0.09182834,O
C1=CC=C(C=C1)CCCC(=O)O,OCC,-4.015538912,-3.989443157,0.026095629,0.026089696,O
C1=CC=C(C=C1)CCCC(=O)O,OCC,-4.044860725,-3.989443157,0.055417776,0.05536114,c1ccccc1
C1=CC=C(C=C1)CCCC(=O)O,OCC,-3.526642925,-3.989443157,-0.46280003,-0.43236354,CCCC(=O)O
